{
  "0": {
    "R": [
      [
        1.0,
        0.0,
        0.0
      ],
      [
        0.0,
        1.0,
        0.0
      ],
      [
        0.0,
        0.0,
        1.0
      ]
    ],
    "t": [
      0.0,
      0.0,
      0.0
    ]
  },
  "1": {
    "R": [
      [
        0.21927225315599302,
        -0.41125624887465695,
        0.8847530597615586
      ],
      [
        0.9743573375949157,
        0.1392137056483092,
        -0.17676912296725655
      ],
      [
        -0.0504723456047097,
        0.9008261996196669,
        0.4312362466304828
      ]
    ],
    "t": [
      -25.1166256401256,
      4.797764907586764,
      14.982052619584637
    ]
  },
  "2": {
    "R": [
      [
        0.30156719678976224,
        0.7389614163996234,
        -0.6024892122627816
      ],
      [
        -0.33035685400481524,
        0.6737476785642126,
        0.6610056086308009
      ],
      [
        0.8943833489239421,
        -0.0003011677221293474,
        0.44730116752094123
      ]
    ],
    "t": [
      15.353899804605645,
      -20.353583768063018,
      15.09091319994335
    ]
  },
  "3": {
    "R": [
      [
        -0.20092252235134492,
        -0.42887255164628524,
        -0.880737460572887
      ],
      [
        -0.9795986271339376,
        0.09171042851205358,
        0.17881758028628014
      ],
      [
        0.00408285797916591,
        0.8986976865145142,
        -0.4385496534306942
      ]
    ],
    "t": [
      24.364531557734825,
      -6.296875645510358,
      42.233929056897985
    ]
  },
  "4": {
    "R": [
      [
        0.8768669268575511,
        -0.20499365127375907,
        -0.43483559596800125
      ],
      [
        -0.48050160014849325,
        -0.40180509097651845,
        -0.7795324759880692
      ],
      [
        -0.014919947658483118,
        0.8924854462694641,
        -0.45082937277762175
      ]
    ],
    "t": [
      11.651636698360885,
      21.679559350541183,
      41.65714745033243
    ]
  },
  "5": {
    "R": [
      [
        -0.896716571839943,
        -0.061549692815514284,
        0.43830471717965375
      ],
      [
        0.41655252046533675,
        -0.45209810286161994,
        0.7887276482302997
      ],
      [
        0.14961078664854238,
        0.8898420875094862,
        0.4310425406095834
      ]
    ],
    "t": [
      -12.803536616872861,
      -22.808800461490055,
      14.90478490148649
    ]
  },
  "6": {
    "R": [
      [
        0.995709349186926,
        -0.008281007380838049,
        0.09216461825726227
      ],
      [
        0.08597021711231219,
        0.45126017891444686,
        -0.8882417310033138
      ],
      [
        -0.03423468579394706,
        0.8923540081396283,
        0.4500358990633189
      ]
    ],
    "t": [
      -1.2692438762463538,
      24.730896708178115,
      15.933665319071771
    ]
  },
  "7": {
    "R": [
      [
        0.7255392162743463,
        0.3018197636832604,
        0.6184639649148431
      ],
      [
        0.6880487454719943,
        -0.30053682863735065,
        -0.6605047603817996
      ],
      [
        -0.013482192048114738,
        0.904755461372179,
        -0.42571796487204194
      ]
    ],
    "t": [
      -17.234182011527643,
      18.72407372144347,
      42.50021034212454
    ]
  },
  "8": {
    "R": [
      [
        -0.39537557186130806,
        0.4180151938548371,
        0.8178884122432881
      ],
      [
        0.9179969226440241,
        0.14979800090488854,
        0.367208672202878
      ],
      [
        0.030980755178745434,
        0.8960043842701899,
        -0.44296313184863656
      ]
    ],
    "t": [
      -23.930350042561503,
      -10.675782181622289,
      42.50715364746418
    ]
  },
  "9": {
    "R": [
      [
        -0.9893812516154101,
        -0.050747412801747244,
        -0.13619632537573573
      ],
      [
        -0.1445563913212202,
        0.44096806932704086,
        0.8858050640869966
      ],
      [
        0.015105915401274664,
        0.8960869723011884,
        -0.44362140321672755
      ]
    ],
    "t": [
      2.3695201032818525,
      -26.47624056348577,
      42.4622627577011
    ]
  },
  "11": {
    "R": [
      [
        0.41457544704060284,
        0.40930211304152825,
        -0.8127724029338252
      ],
      [
        -0.9097519924638562,
        0.164942559150772,
        -0.38097934903198877
      ],
      [
        -0.0218748924369514,
        0.8973659969268581,
        0.4407445480551492
      ]
    ],
    "t": [
      22.99760125354821,
      9.639897100863504,
      16.330577808365593
    ]
  }
}