{
  "0": {
    "R": [
      [
        1.0,
        0.0,
        0.0
      ],
      [
        0.0,
        1.0,
        0.0
      ],
      [
        0.0,
        0.0,
        1.0
      ]
    ],
    "t": [
      0.0,
      0.0,
      0.0
    ]
  },
  "1": {
    "R": [
      [
        0.21927226552998197,
        -0.4112562197523973,
        0.884753070231642
      ],
      [
        0.974357335924787,
        0.13921368551346397,
        -0.17676914803016425
      ],
      [
        -0.05047232408856228,
        0.9008262160265574,
        0.4312362148757603
      ]
    ],
    "t": [
      -25.11662524941579,
      4.797764879156401,
      14.982053281758727
    ]
  },
  "2": {
    "R": [
      [
        0.301567213767154,
        0.7389614271090594,
        -0.6024891906297222
      ],
      [
        -0.33035686113364604,
        0.6737476668107569,
        0.6610056170479839
      ],
      [
        0.8943833405663594,
        -0.0003011843342130005,
        0.4473011842208293
      ]
    ],
    "t": [
      15.353899894254578,
      -20.353583995148373,
      15.090912892379436
    ]
  },
  "3": {
    "R": [
      [
        -0.20092254118243558,
        -0.42887257005138296,
        -0.8807374473146433
      ],
      [
        -0.9795986231855691,
        0.09171045977657712,
        0.17881758588155194
      ],
      [
        0.004082878608269724,
        0.898697674540827,
        -0.43854967777571074
      ]
    ],
    "t": [
      24.36453272438838,
      -6.296876013283719,
      42.233928125893016
    ]
  },
  "4": {
    "R": [
      [
        0.8768668950933001,
        -0.20499361769055646,
        -0.434835675854194
      ],
      [
        -0.4805016574864873,
        -0.401805007201603,
        -0.7795324838263371
      ],
      [
        -0.01491996790124231,
        0.8924854916993654,
        -0.4508292821722743
      ]
    ],
    "t": [
      11.651638834920861,
      21.67955947676478,
      41.65714686623493
    ]
  },
  "5": {
    "R": [
      [
        -0.8967165680702281,
        -0.06154968752127149,
        0.43830472563547096
      ],
      [
        0.416552522773681,
        -0.45209811995210963,
        0.7887276372149322
      ],
      [
        0.14961080281595177,
        0.8898420791925955,
        0.43104255216737547
      ]
    ],
    "t": [
      -12.803536379956425,
      -22.808800579844636,
      14.904784870899666
    ]
  },
  "6": {
    "R": [
      [
        0.9957093455966393,
        -0.008280978672852976,
        0.0921646596246758
      ],
      [
        0.08597024206263189,
        0.4512601538073358,
        -0.8882417413438034
      ],
      [
        -0.03423472756142614,
        0.8923540211026112,
        0.45003587018236174
      ]
    ],
    "t": [
      -1.2692436496453317,
      24.73089649230905,
      15.933665469403538
    ]
  },
  "7": {
    "R": [
      [
        0.7255392181629542,
        0.3018199010220822,
        0.618463895675818
      ],
      [
        0.68804874403611,
        -0.30053701430839797,
        -0.6605046773951907
      ],
      [
        -0.013482163692087878,
        0.9047553538817076,
        -0.4257181942136904
      ]
    ],
    "t": [
      -17.234180114977054,
      18.724074227366803,
      42.500210666742746
    ]
  },
  "8": {
    "R": [
      [
        -0.3953755623944616,
        0.4180152079708993,
        0.8178884096050691
      ],
      [
        0.9179969259464426,
        0.14979797982731183,
        0.36720867254537737
      ],
      [
        0.030980778139761467,
        0.8960043812084304,
        -0.4429631364359259
      ]
    ],
    "t": [
      -23.930350236723573,
      -10.675783703668746,
      42.50715361621469
    ]
  },
  "9": {
    "R": [
      [
        -0.9893812595762036,
        -0.05074738058086569,
        -0.13619627955119007
      ],
      [
        -0.14455633528282968,
        0.440968112607335,
        0.8858050516863872
      ],
      [
        0.01510593025944676,
        0.8960869528275176,
        -0.44362144204635906
      ]
    ],
    "t": [
      2.3695209555489827,
      -26.476240177042282,
      42.46226260696826
    ]
  },
  "11": {
    "R": [
      [
        0.4145754621979391,
        0.4093021329139591,
        -0.8127723851949258
      ],
      [
        -0.9097519851767598,
        0.16494256098988253,
        -0.38097936563683255
      ],
      [
        -0.021874908235456403,
        0.8973659875247013,
        0.44074456641404863
      ]
    ],
    "t": [
      22.997601569357492,
      9.639896423150603,
      16.330577323750962
    ]
  }
}