{
  "0": {
    "R": [
      [
        -0.09227067624334534,
        0.9956358270788687,
        0.013979347000952158
      ],
      [
        -0.3252894881352967,
        -0.016871341671485685,
        -0.9454639637441931
      ],
      [
        -0.9411019451761178,
        -0.09178593392879586,
        0.3254265986648085
      ]
    ],
    "t": [
      -0.11306138408092471,
      -24.15295207574979,
      -17.675399279603518
    ]
  },
  "1": {
    "R": [
      [
        1.0,
        0.0,
        0.0
      ],
      [
        0.0,
        1.0,
        0.0
      ],
      [
        0.0,
        0.0,
        1.0
      ]
    ],
    "t": [
      0.0,
      0.0,
      0.0
    ]
  },
  "2": {
    "R": [
      [
        0.1732220108541212,
        -0.5070736333707748,
        -0.8443165669912063
      ],
      [
        0.3264992838657355,
        0.8383640698217749,
        -0.4365133492426458
      ],
      [
        0.9291890833360112,
        -0.20005503435812672,
        0.31078228816512726
      ]
    ],
    "t": [
      -24.133836246658305,
      -8.1657893593313,
      -18.640537680214763
    ]
  },
  "3": {
    "R": [
      [
        0.3779860806619366,
        -0.8101383385273242,
        -0.4481098026979706
      ],
      [
        0.9253957161585096,
        0.34511175076061384,
        0.15665454989378022
      ],
      [
        0.027736101768396942,
        -0.4738921311175468,
        0.880145986029342
      ]
    ],
    "t": [
      16.160784386052207,
      1.0662457563173477,
      -52.575164177344625
    ]
  },
  "4": {
    "R": [
      [
        -0.8381427572227937,
        0.07276555690974909,
        0.5405755194629033
      ],
      [
        -0.26551398232674306,
        0.8112897084893498,
        -0.5208755456807895
      ],
      [
        -0.4764651547636697,
        -0.5800984249477673,
        -0.6606563203884093
      ]
    ],
    "t": [
      12.589997405512733,
      -13.90740643056109,
      -45.02891971203502
    ]
  },
  "5": {
    "R": [
      [
        0.2613366992999852,
        0.3855732413923158,
        0.8848934428060885
      ],
      [
        -0.411794549540002,
        0.8736751881763796,
        -0.2590693237998559
      ],
      [
        -0.8729996440824795,
        -0.2966899746995012,
        0.3871003491921356
      ]
    ],
    "t": [
      25.84570177238484,
      -7.2490846048824595,
      -17.63197317320276
    ]
  },
  "6": {
    "R": [
      [
        0.35691708254044474,
        -0.5159378611267009,
        0.7787286559815446
      ],
      [
        -0.9336035911352314,
        -0.1688751814355651,
        0.3160150434939847
      ],
      [
        -0.03153618255619073,
        -0.8398150371070469,
        -0.5419558770219883
      ]
    ],
    "t": [
      25.882338499821287,
      10.535176119404504,
      -39.80027867393501
    ]
  },
  "8": {
    "R": [
      [
        0.9775603914373928,
        0.18969852920025887,
        0.09159775713427387
      ],
      [
        0.01825722534619008,
        -0.5094818750587552,
        0.8602876802031243
      ],
      [
        0.20986270467958168,
        -0.839310840514927,
        -0.5015126700081437
      ]
    ],
    "t": [
      1.2199684573907241,
      29.5108874115912,
      -40.477887026862916
    ]
  },
  "9": {
    "R": [
      [
        0.19029827200034177,
        0.5935445520452957,
        -0.7819791764561466
      ],
      [
        0.9658954940597603,
        0.02927070214840055,
        0.25727246364660034
      ],
      [
        0.17559174874901046,
        -0.8042686682527729,
        -0.5677318443051926
      ]
    ],
    "t": [
      -24.290757244105784,
      13.722052411867507,
      -43.709950359574165
    ]
  },
  "10": {
    "R": [
      [
        0.802690085992081,
        0.32262569925190326,
        0.501598728100706
      ],
      [
        -0.5938203443568333,
        0.3542603107413572,
        0.7224105694557416
      ],
      [
        0.05537169383319859,
        -0.8777313315677283,
        0.47594294312069074
      ]
    ],
    "t": [
      15.552354666062245,
      23.40577337119676,
      -14.866853158612221
    ]
  },
  "11": {
    "R": [
      [
        0.7928559800402353,
        -0.13840703905320006,
        -0.5934836867639783
      ],
      [
        0.590900445966454,
        0.4127924373561825,
        0.6931371196366474
      ],
      [
        0.1490505212036637,
        -0.9002476854744299,
        0.4090697335746658
      ]
    ],
    "t": [
      -16.649169642701555,
      22.97250129686078,
      -15.499684576277113
    ]
  }
}