{
  "0": {
    "R": [
      [
        0.9999963263349565,
        -0.00015048267428713195,
        -0.00270641304233194
      ],
      [
        0.00014854107501346313,
        0.9999997314974827,
        -0.0007175935559242536
      ],
      [
        0.0027065203010505716,
        0.0007171889062231533,
        0.9999960801862838
      ]
    ],
    "t": [
      -0.05796771970303955,
      0.007039806188416072,
      0.013580579294094447
    ]
  },
  "1": {
    "R": [
      [
        1.0,
        0.0,
        0.0
      ],
      [
        0.0,
        1.0,
        0.0
      ],
      [
        0.0,
        0.0,
        1.0
      ]
    ],
    "t": [
      0.0,
      0.0,
      0.0
    ]
  },
  "2": {
    "R": [
      [
        0.9999958843588178,
        0.002586851859590525,
        -0.0012407509348135576
      ],
      [
        -0.0025880541765296236,
        0.9999961820822992,
        -0.0009683988869469565
      ],
      [
        0.0012382410932670772,
        0.0009716060320034939,
        0.9999987613695895
      ]
    ],
    "t": [
      -0.04058975867137867,
      0.021650081880457056,
      0.008372470292207713
    ]
  },
  "3": {
    "R": [
      [
        0.9999963300233414,
        0.0015465382370947766,
        -0.0022244458478029075
      ],
      [
        -0.001549997782414261,
        0.9999975907377595,
        -0.0015543569574396798
      ],
      [
        0.0022220366160607455,
        0.0015577991391171218,
        0.9999963179007807
      ]
    ],
    "t": [
      -0.057688033801112856,
      0.017829838996618906,
      0.01473813556823175
    ]
  },
  "4": {
    "R": [
      [
        0.9998510443568641,
        0.0037916316063620905,
        -0.01683783324094373
      ],
      [
        -0.003844445576668263,
        0.9999877883982238,
        -0.0031053651375352494
      ],
      [
        0.016825853223424645,
        0.00316963470939784,
        0.9998534112954323
      ]
    ],
    "t": [
      0.5156166853068072,
      0.04482032961055168,
      -0.02356127629870504
    ]
  },
  "5": {
    "R": [
      [
        0.9999941706190016,
        0.002726806000447172,
        -0.0020550564592932002
      ],
      [
        -0.0027286113657883065,
        0.9999958934613244,
        -0.0008762080243812082
      ],
      [
        0.0020526587708258473,
        0.0008818103670429643,
        0.9999975044981098
      ]
    ],
    "t": [
      0.015105491919832565,
      0.023812357830017457,
      0.008178249237393034
    ]
  },
  "6": {
    "R": [
      [
        0.9999922638085501,
        0.003414920243666971,
        -0.001952086775818455
      ],
      [
        -0.0034211504344824725,
        0.9999890368417256,
        -0.0031971747000186577
      ],
      [
        0.0019411472781765329,
        0.0032038283485843187,
        0.9999929836909642
      ]
    ],
    "t": [
      0.0422760893990885,
      0.004138558069309066,
      -0.004304802274532318
    ]
  },
  "8": {
    "R": [
      [
        0.9999935662360018,
        0.003586903179238275,
        -4.015203320772603e-05
      ],
      [
        -0.003586989046263326,
        0.9999906996148288,
        -0.0023946175951890165
      ],
      [
        3.15623983131084e-05,
        0.0023947462136878444,
        0.999997132093081
      ]
    ],
    "t": [
      -0.04913265702617679,
      0.0010634873265397207,
      0.011399590393165692
    ]
  },
  "9": {
    "R": [
      [
        0.9999942184006657,
        0.003049619735876946,
        -0.0015043220095578224
      ],
      [
        -0.0030537278373057196,
        0.9999915940241835,
        -0.002736170182673748
      ],
      [
        0.0014959650856735897,
        0.0027407481532308996,
        0.9999951251821297
      ]
    ],
    "t": [
      -0.05652636031441521,
      0.014400572690697885,
      0.004525899204298835
    ]
  },
  "10": {
    "R": [
      [
        0.9999964751051932,
        0.0026182093976188816,
        0.000441312518839388
      ],
      [
        -0.002617777730654154,
        0.9999960974225118,
        -0.0009758993285169037
      ],
      [
        -0.00044386590537613956,
        0.0009747406304903517,
        0.9999994264317164
      ]
    ],
    "t": [
      -0.015603695371450038,
      -0.0003569291598140567,
      0.012083301955338344
    ]
  },
  "11": {
    "R": [
      [
        0.9999945470296704,
        0.0032488289204796266,
        -0.0005924707332191852
      ],
      [
        -0.0032497988409644443,
        0.9999933687872177,
        -0.0016435294596484251
      ],
      [
        0.0005871272583795199,
        0.0016454459082331668,
        0.9999984738935082
      ]
    ],
    "t": [
      -0.04238339980829242,
      0.009112107115142452,
      0.008873065824155427
    ]
  }
}