{
  "0": {
    "R": [
      [
        -0.11017236817790266,
        0.9930262816435446,
        0.04196252203179396
      ],
      [
        -0.4094208629572843,
        -0.006871548398430294,
        -0.9123197568823778
      ],
      [
        -0.9056691483457884,
        -0.11769276013334101,
        0.4073227319298673
      ]
    ],
    "t": [
      -0.8987599489839888,
      -25.815562844782878,
      -15.868826662473479
    ]
  },
  "1": {
    "R": [
      [
        1.0,
        0.0,
        0.0
      ],
      [
        0.0,
        1.0,
        0.0
      ],
      [
        0.0,
        0.0,
        1.0
      ]
    ],
    "t": [
      0.0,
      0.0,
      0.0
    ]
  },
  "2": {
    "R": [
      [
        0.2357777303874553,
        -0.48343154938040617,
        -0.8430319085995502
      ],
      [
        0.4042991203059793,
        0.8376482085224812,
        -0.36727060878715745
      ],
      [
        0.8837143674135618,
        -0.25424282845881396,
        0.3929497436112033
      ]
    ],
    "t": [
      -25.267691528166395,
      -10.076964373251652,
      -17.03959884861993
    ]
  },
  "3": {
    "R": [
      [
        -0.893528542516845,
        -0.24693777289101657,
        -0.37500464000775763
      ],
      [
        0.1002695074413418,
        0.704357650487233,
        -0.702727775228485
      ],
      [
        0.43766741892125566,
        -0.6655088553278087,
        -0.6046033359940023
      ]
    ],
    "t": [
      -14.741232049700399,
      -21.76598421989599,
      -42.017949125635994
    ]
  },
  "4": {
    "R": [
      [
        -0.8232466003934147,
        0.07677403510373568,
        0.5624684724271891
      ],
      [
        -0.3140198202624588,
        0.7638347487652752,
        -0.5638688048305401
      ],
      [
        -0.47292344774077155,
        -0.6408293252595257,
        -0.604715791479272
      ]
    ],
    "t": [
      14.551801405248353,
      -20.808966123236917,
      -42.20563368224525
    ]
  },
  "5": {
    "R": [
      [
        0.2502496949572509,
        0.38923967567589995,
        0.8864917174195837
      ],
      [
        -0.4747787214263472,
        0.8473112677942989,
        -0.23801004421994654
      ],
      [
        -0.8437773733957115,
        -0.36132546318871317,
        0.39684210184517477
      ]
    ],
    "t": [
      25.77453675866956,
      -8.647945551637878,
      -17.38783072894811
    ]
  },
  "6": {
    "R": [
      [
        0.3578631475913107,
        -0.5346171308360979,
        0.7655837583260361
      ],
      [
        -0.9332004662817599,
        -0.23349546522713133,
        0.27316068064395954
      ],
      [
        0.03272395647756415,
        -0.8121972612210313,
        -0.5824643779129419
      ]
    ],
    "t": [
      24.17004477973392,
      7.37587851184744,
      -41.38742239618045
    ]
  },
  "8": {
    "R": [
      [
        0.985221661616299,
        0.1511622120995208,
        0.0805497555253787
      ],
      [
        0.02083810352777818,
        -0.5725558074000305,
        0.8196008911987984
      ],
      [
        0.17001191406305732,
        -0.8058100477443046,
        -0.5672443177599376
      ]
    ],
    "t": [
      -0.4211566392776819,
      25.877464061611242,
      -42.60265480437228
    ]
  },
  "9": {
    "R": [
      [
        0.24916441312222468,
        0.5982272223992461,
        -0.7616044154375294
      ],
      [
        0.9625776984093953,
        -0.06642381568899916,
        0.26273951212976226
      ],
      [
        0.10658925723697033,
        -0.7985687616541217,
        -0.5923906339164
      ]
    ],
    "t": [
      -25.378512684396142,
      9.391919726300333,
      -43.350064501927896
    ]
  },
  "10": {
    "R": [
      [
        0.8046776080259221,
        0.29015668261050676,
        0.5179797743909947
      ],
      [
        -0.5894215239510756,
        0.28572084444114937,
        0.7556095990357904
      ],
      [
        0.07124755606244912,
        -0.9133305527509205,
        0.4009377597169242
      ]
    ],
    "t": [
      14.887072852462898,
      22.023412314180433,
      -17.035979266431937
    ]
  },
  "11": {
    "R": [
      [
        0.8096107047713686,
        -0.15966209561297812,
        -0.5648349510645387
      ],
      [
        0.5820958118197712,
        0.3421160292202211,
        0.7376456387808921
      ],
      [
        0.07546504211546681,
        -0.9259938648690178,
        0.3699194366932478
      ]
    ],
    "t": [
      -17.186479091196826,
      21.356800101282094,
      -16.51991124588341
    ]
  }
}