{
  "0": {
    "R": [
      [
        -0.12177814598499104,
        0.9913807748284188,
        0.04831399860353108
      ],
      [
        -0.41476319657508653,
        -0.0066048528008036955,
        -0.909905416340784
      ],
      [
        -0.9017436298235071,
        -0.1308454631238069,
        0.4119925859195067
      ]
    ],
    "t": [
      -1.4518792961408862,
      -25.975720972805462,
      -15.928402786310144
    ]
  },
  "1": {
    "R": [
      [
        1.0,
        0.0,
        0.0
      ],
      [
        0.0,
        1.0,
        0.0
      ],
      [
        0.0,
        0.0,
        1.0
      ]
    ],
    "t": [
      0.0,
      0.0,
      0.0
    ]
  },
  "2": {
    "R": [
      [
        0.25277278906562983,
        -0.48120547775110845,
        -0.8393731025535128
      ],
      [
        0.4133211604523642,
        0.8381065462371319,
        -0.3560098811504776
      ],
      [
        0.8747979969286016,
        -0.25694105420658964,
        0.41074293570664455
      ]
    ],
    "t": [
      -25.661903078203977,
      -10.48422981843763,
      -16.826937313999938
    ]
  },
  "3": {
    "R": [
      [
        0.13603715353644952,
        -0.8185205422780978,
        -0.5581379889655149
      ],
      [
        0.9720763185320577,
        0.21901498362088512,
        -0.08426190063548822
      ],
      [
        0.19121067911301895,
        -0.531089972432461,
        0.8254586103341741
      ]
    ],
    "t": [
      -18.72528814241363,
      -24.854715073623492,
      -40.79822086835335
    ]
  },
  "4": {
    "R": [
      [
        -0.8381104723712429,
        0.12599273883768247,
        0.53075103943547
      ],
      [
        -0.27504783985847725,
        0.7426267780142854,
        -0.6106178464189423
      ],
      [
        -0.4710833491971858,
        -0.6577471385998582,
        -0.5877492490619289
      ]
    ],
    "t": [
      14.491109553789792,
      -21.77498346871722,
      -42.64811802202429
    ]
  },
  "5": {
    "R": [
      [
        0.2420576629486489,
        0.39415901396211667,
        0.8865927811121914
      ],
      [
        -0.4829059131113252,
        0.8414923499597424,
        -0.242265358731593
      ],
      [
        -0.8415521177502647,
        -0.3694987099729066,
        0.3940313901688574
      ]
    ],
    "t": [
      25.5803826600584,
      -8.863114325549398,
      -17.76238780120135
    ]
  },
  "6": {
    "R": [
      [
        0.3572791797021009,
        -0.53977136799442,
        0.7622325485341243
      ],
      [
        -0.9332079354400551,
        -0.23985487996402632,
        0.26756790874309344
      ],
      [
        0.038399700299660555,
        -0.8069179058930808,
        -0.5894140786968203
      ]
    ],
    "t": [
      23.694970623583032,
      6.994790446443041,
      -41.96415561670314
    ]
  },
  "8": {
    "R": [
      [
        0.9864724828417641,
        0.14710446856081885,
        0.07233474908676076
      ],
      [
        0.026695404321176897,
        -0.5795323310908829,
        0.8145118983836251
      ],
      [
        0.16173866570531137,
        -0.8015625693293112,
        -0.5756197108039813
      ]
    ],
    "t": [
      -0.926969455780393,
      25.532571576708527,
      -43.20863365557978
    ]
  },
  "9": {
    "R": [
      [
        0.22555155557442005,
        0.5803647023380176,
        -0.7824981201626385
      ],
      [
        0.9703177812132435,
        -0.06190500192862383,
        0.23377590593905284
      ],
      [
        0.08723473642630619,
        -0.8120003590001182,
        -0.5771009597499485
      ]
    ],
    "t": [
      -25.841066686726798,
      8.748000591361187,
      -43.736443358328344
    ]
  },
  "10": {
    "R": [
      [
        0.806509926244467,
        0.28218920209574294,
        0.5195295882716521
      ],
      [
        -0.587020974569642,
        0.2776606215164677,
        0.7604675894963551
      ],
      [
        0.07034283392394794,
        -0.918299424741003,
        0.3895870278075118
      ]
    ],
    "t": [
      14.66882033378695,
      21.934943070334054,
      -17.578347679062848
    ]
  },
  "11": {
    "R": [
      [
        0.7990617788434459,
        -0.1705914272855747,
        -0.5765404049398608
      ],
      [
        0.597408880639634,
        0.33347100421600595,
        0.729314554002639
      ],
      [
        0.06784469709894558,
        -0.9271977428164065,
        0.3683767674429447
      ]
    ],
    "t": [
      -17.579296757914527,
      21.336008592547447,
      -16.800041601458027
    ]
  }
}